name,company,birth,job
Lisa Mcconnell,Smith Inc,1977-09-27,Dancer
Nicole Wolfe,Ballard-Casey,1963-03-21,Chiropodist
Brandy Ruiz,White and Sons,2021-04-06,Special effects artist
Gabriella Mcconnell DDS,Johnson-Harvey,1973-01-15,Exercise physiologist
William Kennedy,Johnson-Moore,1922-10-12,Statistician
Stephanie Russell,Caldwell-Davis,2011-12-19,Pension scheme manager
Erica Klein,Bell Inc,1908-03-15,Sport and exercise psychologist
Tabitha Lane,Harrison-Barry,1914-07-18,Drilling engineer
Dakota Gibbs,"Brown, Lopez and Garcia",2017-09-02,Lawyer
Molly Durham,Knight-Gomez,1967-02-05,Social worker
Debra Rosales,Watts LLC,1981-02-15,Investment analyst
Rachael Garza,Shannon-Webb,1971-02-20,"Buyer, retail"
Ashlee Mitchell,Cole-Brown,1924-07-14,Building control surveyor
Betty Hoffman,Hays Inc,1954-03-02,Dealer
Janet Coleman,Cox-Anderson,1948-01-09,Comptroller
Joseph Morgan,Wise Inc,1941-06-02,"Engineer, maintenance"
Dr. Margaret White MD,"Oconnell, Keller and Harris",1921-07-09,Estate agent
Mason Jackson,Hart-Miller,1949-12-14,"Engineer, drilling"
Sabrina Todd,Houston-Holland,2003-04-13,Adult nurse
Kevin Ibarra,Higgins-Peters,1937-06-06,Marketing executive
William Hunter,Williams-Murphy,1930-08-21,Archaeologist
Leslie Rodriguez,"Morales, Armstrong and Larsen",1996-09-01,"Lecturer, higher education"
Samantha Chung,"Whitaker, Brown and Blair",1948-05-05,Futures trader
Alexandra Sullivan,Glover Inc,1912-03-16,Acupuncturist
Monique Taylor,Carlson and Sons,1998-10-31,"Editor, magazine features"
Nicholas Whitehead,Luna-Gonzales,1931-02-23,Estate manager/land agent
Carrie Escobar,Nelson and Sons,1995-09-24,Writer
Robert Garcia,Callahan Group,2020-09-26,"Lecturer, higher education"
Hunter Stewart,Rice-Williams,1963-11-25,"Engineer, site"
David Rosario,White Inc,1992-04-03,Diplomatic Services operational officer
Mark Davila,Martinez Ltd,1945-02-26,Systems analyst
Amber Hudson,Nixon-Chavez,1933-05-30,Statistician
Andrew Johnson,"Romero, Clark and Williams",1911-02-10,"Accountant, chartered certified"
Gabriella Russell,"Hunter, Johnson and Lewis",1932-11-10,"Biochemist, clinical"
Joseph Deleon,"Olsen, Morales and Cabrera",1998-02-13,Animal nutritionist
Brian Ryan,Smith PLC,2015-05-08,"Scientist, clinical (histocompatibility and immunogenetics)"
Robert Cruz,Valenzuela Inc,1968-03-04,Local government officer
Eric Underwood,Neal-Stark,2001-05-10,Arboriculturist
Shawn Duffy,"Riley, English and Johnson",1945-03-06,Aeronautical engineer
Anthony Hobbs,"Clayton, Brown and Wilson",1914-09-29,Learning disability nurse
Emily Walker,Gibbs Inc,1921-12-14,Electronics engineer
Matthew Jones,Cook-Mercado,1997-03-06,"Embryologist, clinical"
Michael Cruz,Pacheco Inc,1993-02-20,Academic librarian
Scott Stewart,Hansen Inc,2013-03-09,"Scientist, biomedical"
Darren Silva,Kelly LLC,2021-09-13,Intelligence analyst
Kristin Curtis,Gillespie PLC,2009-06-14,Financial manager
Holly Jones,West-Mack,1966-11-15,"Biochemist, clinical"
Christopher Mosley,Porter Ltd,1934-01-13,Chartered legal executive (England and Wales)
David George,Kerr-Johnson,1980-09-06,Early years teacher
Cameron Patterson,Murphy LLC,2013-08-13,Mechanical engineer
Richard Navarro,Nelson-Lewis,1927-07-08,"Producer, television/film/video"
Christina Hood,Mccall and Sons,1994-09-14,Barrister's clerk
Valerie Noble,Stewart LLC,2007-09-11,Occupational hygienist
David Moss,Carpenter Inc,1913-11-05,Museum education officer
Susan Copeland,"Morrison, Mcguire and Gregory",1970-12-28,"Psychotherapist, dance movement"
Roberto Torres,Hardin-Fisher,1907-09-19,Theatre manager
Rick Jones,Adams-Walters,2015-01-11,Land
James Abbott,Dixon PLC,1962-05-26,Diagnostic radiographer
Timothy Ward,Obrien Group,1979-08-21,Electrical engineer
Paul Bautista,Collier-Davis,1929-10-05,Armed forces logistics/support/administrative officer
Alicia Johnson,"Henderson, Garcia and Martinez",1928-03-07,"Investment banker, corporate"
Melissa Gutierrez,Graham Group,1919-07-07,"Producer, radio"
Tina Vaughan,"Greene, Clark and Reed",1958-03-13,"Editor, magazine features"
Patricia Johnston,Haley Inc,1915-01-20,Media planner
Marvin Burch,Hawkins LLC,1984-03-18,"Teacher, adult education"
Jennifer Clark,Johnson PLC,1989-02-07,Emergency planning/management officer
Justin Parker PhD,Frey-Martinez,1980-04-18,Publishing copy
Angela Edwards,Barnes-Franklin,1939-10-06,Chief Strategy Officer
Joshua Massey,Martinez-Bean,1924-04-03,Clinical molecular geneticist
Amy Wilson,"Contreras, Williams and Ortega",2009-07-07,IT technical support officer
Manuel Drake,"Sanchez, Harmon and Quinn",1941-01-29,"Engineer, automotive"
Kelly Alvarez,Tate-Watson,1911-11-26,Hospital doctor
Christopher Combs,Dorsey Inc,1927-04-20,Public relations officer
Jeremy Taylor,Miller LLC,1984-02-21,Medical laboratory scientific officer
Peter Sanchez,Baird-Martinez,1985-12-15,"Engineer, control and instrumentation"
Jean Morris,Morris-Brown,1953-02-27,Minerals surveyor
Lisa Copeland,"Martinez, Shaffer and Bradley",1936-09-06,Newspaper journalist
Christopher Saunders,Hoffman-Roach,2002-07-04,"Civil engineer, consulting"
Derek Russell,Garcia-Watson,1939-11-24,IT technical support officer
Ashley Gilbert,Jacobs PLC,2000-03-11,"Sales professional, IT"
Jose Ritter,"Crawford, Kelly and Smith",1959-10-14,Production engineer
Jill Long,Miller Inc,1945-04-16,Media planner
Bianca Smith,Munoz-Branch,1975-07-11,Haematologist
Mark Morales,Kelley-Smith,1916-08-27,Customer service manager
Nichole Johnson,Walker and Sons,1955-10-20,Systems developer
Natasha Callahan,Black Group,1915-08-03,Agricultural engineer
Karen Taylor,Mcfarland LLC,2016-04-15,Legal secretary
Michael Bowers,Roberson-Crawford,2010-01-21,Records manager
Stephanie Chavez,Lee Inc,1928-08-05,"Engineer, biomedical"
Michael Mills,"Herman, Horn and Curtis",1936-08-05,Newspaper journalist
Barbara Branch,"Smith, Gomez and Davis",2012-09-04,Teaching laboratory technician
Kevin Smith,Lopez Group,1956-04-25,Theatre director
Edwin White,"Reed, Rios and Martin",1917-05-14,Clinical research associate
Christina Barrera,"Nguyen, Jacobs and Berry",1976-05-13,Health promotion specialist
Steven Hernandez,Ayers-Hendrix,1984-02-01,Sub
Logan Harmon,"Huffman, Cole and Moore",1953-10-24,Estate manager/land agent
Dr. Devin Brown,"Nielsen, Johnson and Holt",2004-05-14,Insurance underwriter
Jimmy Ferguson,"Allen, Phillips and Jimenez",2015-07-18,Horticultural therapist
Zachary Bradley,Williams-Rogers,2013-04-08,Insurance account manager
Christopher Ramirez,"Davis, Johnson and Olson",1996-10-08,"Copywriter, advertising"
Jennifer Clarke,Mooney Group,1935-08-18,Airline pilot
Kristopher Matthews,"Phillips, Hall and Jones",1941-04-13,"Administrator, arts"
Ann Cochran,Barnes Ltd,1921-12-14,Quarry manager
Joseph Wong,Mcdaniel PLC,1995-06-17,Recycling officer
Patrick Flores,Morrison LLC,1966-03-28,Actor
Jesse Hickman,"Rivera, Forbes and Nguyen",1981-12-13,"Physicist, medical"
Cindy Pearson,Martin-Ryan,1957-04-15,Financial risk analyst
Susan Bailey,"Watson, Payne and Nelson",1955-07-31,Company secretary
Kathryn Holmes,"Wilson, Cunningham and Holmes",1915-01-17,Barista
Veronica Thomas,"Gomez, Castillo and Small",1969-01-17,Clinical research associate
Bryan Hill,Drake-Steele,1990-04-24,Forensic scientist
Shannon Medina,Sawyer Ltd,2004-03-11,Field seismologist
Valerie Thomas,Scott Group,1980-07-07,Translator
Wendy Peterson,Warner-Rodriguez,1984-06-07,Animator
Pam Anderson,Navarro-Brown,1948-06-11,Advertising art director
Annette Ramirez,"Flores, Bush and Moss",1953-01-27,"Teacher, adult education"
Tanya Harrison,"Fields, Hernandez and Jackson",1941-01-25,"Nurse, learning disability"
Glen Bradley,Rangel and Sons,1913-09-08,"Psychologist, forensic"
Amy Holland,Daniels and Sons,1984-06-20,Paramedic
Paula Dunn,Johnson-Rios,2018-05-20,"Radiographer, therapeutic"
Steven Morrow,Kane LLC,1928-11-08,Publishing copy
Norma Murphy,"Morrison, Bennett and Blair",1914-07-04,Biomedical scientist
Marvin Simmons,Robinson PLC,1959-04-13,Market researcher
Jeffery Guerrero,Burns PLC,1914-02-08,Economist
Cheryl Pierce,Salazar Group,2002-11-03,Industrial/product designer
Nicole Anderson,Ortiz-Frye,1921-03-05,"Teacher, secondary school"
Annette Smith,Adams LLC,2015-10-06,"Lighting technician, broadcasting/film/video"
Robert Thompson,Castillo-Harrison,1982-05-12,Fast food restaurant manager
Sally Hamilton,"Reid, Tran and Kramer",1991-02-22,"Psychologist, sport and exercise"
John Powers,Harding LLC,1943-07-31,Museum/gallery conservator
Fernando Crawford,Young PLC,1985-11-17,"Presenter, broadcasting"
Dawn Villarreal,"Anderson, Oneill and Hamilton",1918-12-31,Physiotherapist
Christina Woods,Vega Group,1908-04-22,"Scientist, research (maths)"
Jessica Martin,"Baker, Sanchez and Barton",1986-06-15,Paramedic
Courtney Gonzalez,Grant-Glover,1938-07-04,Food technologist
Michelle Kennedy,Cole-Kennedy,1939-04-25,"Clinical scientist, histocompatibility and immunogenetics"
Rebecca Robertson,"Cruz, Serrano and Weaver",1944-06-08,Conference centre manager
Briana Molina,Lawrence-Herring,1927-11-06,Teaching laboratory technician
Jason Roberts,"Griffin, Grant and Benson",2017-05-29,Armed forces technical officer
Jamie Hill,Washington-Fields,1927-06-08,"Loss adjuster, chartered"
Amy Jenkins,"Roberts, Woods and Alvarez",1961-09-24,"Engineer, manufacturing"
Edwin Reed,Reynolds-Wright,1988-11-26,Herpetologist
Louis Walls,"Flowers, Horton and Roberts",1910-01-12,Operational researcher
Kimberly Boyd,Aguilar Ltd,2019-08-20,Financial risk analyst
Taylor Ortega,King-Hansen,1957-05-07,Senior tax professional/tax inspector
Katelyn Williams,"Willis, Everett and Galloway",2007-11-04,"Scientist, research (medical)"
Harold Matthews,"Johnson, Terry and Wilson",1953-05-15,Charity fundraiser
Peter Benson,"Lee, Davis and Brennan",1979-05-25,Graphic designer
Jennifer Mcclain MD,Collins Ltd,1923-01-19,Futures trader
Denise Brady,Nichols-Dawson,1967-11-06,Company secretary
Bryan Ramos,Davis-Ramirez,1955-10-04,Marketing executive
Mary Preston,Ellis-Lewis,1945-10-30,Amenity horticulturist
Heather Franco,"Lee, Wallace and James",2012-12-23,Photographer
Michael King,Jones PLC,1951-02-20,Diagnostic radiographer
Kelly Hardy,Jordan-George,1913-02-06,Environmental education officer
Ashley Crane,Rodriguez-Rivera,1914-11-29,Land
Jennifer Richard,Martinez-Ayers,2012-08-19,Health physicist
Valerie Holt,Richardson PLC,1990-07-23,Acupuncturist
Jacob Rose,"Jenkins, Tucker and Estrada",1990-08-18,Veterinary surgeon
Keith Archer,"Hawkins, Jones and Rodriguez",1937-03-20,International aid/development worker
Steven Lucas,Liu LLC,1919-10-10,Minerals surveyor
Carlos Boone,Reynolds Ltd,1921-07-01,"Therapist, music"
Aaron Forbes,"Ward, Barker and Rivera",1921-05-31,"Designer, textile"
Richard Johnson,Freeman-Fox,1998-03-16,Pension scheme manager
Jacqueline Wong,Sanchez Inc,1940-09-14,Teaching laboratory technician
Michelle Curry,Pace-James,1930-03-18,"Psychologist, educational"
Lauren Gray,Rivera-Young,1970-10-24,"Engineer, water"
Jeffrey Roth,Cisneros-Greene,1933-12-14,Games developer
Bradley Todd,"Blake, Roberts and Wong",1924-02-03,"Surveyor, planning and development"
Dennis Patrick,"Johnston, Hunter and Walker",1956-10-23,Lawyer
Roy Williams,Cruz LLC,2003-03-12,"Production assistant, television"
Kaitlyn Burgess,Buck LLC,1961-08-09,"Teacher, English as a foreign language"
Dylan Hayden,Pineda Group,2005-10-17,Therapeutic radiographer
Joseph Weber,Jones Inc,1945-09-28,"Surveyor, land/geomatics"
William Jimenez,"Moore, Garza and Adams",2017-06-08,Clinical research associate
Ryan Mays,Morales and Sons,1957-10-14,"Pilot, airline"
Jasmine Rivera,"Wilson, Kennedy and Moses",2001-05-06,Osteopath
Dr. James Lopez DVM,Miller Group,1909-10-15,"Engineer, civil (consulting)"
Rhonda Ferguson,Sparks LLC,2020-06-23,"Therapist, horticultural"
Bradley Jones,Hoover Group,1916-11-28,Press photographer
Taylor Salazar MD,Perry and Sons,2020-07-30,Sports coach
Jessica Hernandez,Lawrence-Figueroa,1911-04-09,Tree surgeon
Travis White,Johnson-Reed,1911-01-04,Haematologist
Sarah Bender,Perez-Hicks,1951-08-27,Medical sales representative
Martin Stanton,"Burns, Adams and James",1966-01-19,Midwife
Samantha Carr,Campbell-Simpson,1985-05-25,"Surveyor, commercial/residential"
David Clark,Tucker LLC,1909-09-07,Secondary school teacher
Danielle Davis,Vazquez Inc,1960-09-30,"Nurse, mental health"
Carrie Bell,Cummings Ltd,1947-04-23,Data processing manager
Erica Sawyer,"Williams, Rivera and Bailey",1972-01-06,Chartered certified accountant
Jeff Lowe,Griffin-Schroeder,1922-01-07,Event organiser
Lauren Miller,"Myers, Haley and Evans",1973-07-17,"Engineer, materials"
Alexander Heath,Robinson Inc,1942-10-25,"Teacher, primary school"
Jennifer Gay,Rojas Inc,1938-01-03,"Geneticist, molecular"
Jonathan Ramirez,Marquez and Sons,1969-01-28,Microbiologist
Lindsey Rodriguez,Anderson-Jones,2010-06-13,"Education officer, community"
Carla Reynolds,Welch-Lewis,1957-12-15,Legal secretary
Carrie Thomas,"Fitzpatrick, Walker and Brown",1997-12-09,"Engineer, land"
Jerome Rodgers,Martinez PLC,1963-09-06,Community development worker
Jamie Weiss,Kemp Group,1953-03-03,"Engineer, site"
Terry Davis,"Alvarez, Gonzalez and Garcia",1945-01-24,"Teacher, music"
Savannah Wilson PhD,"Harvey, Griffin and Lawrence",2009-10-02,Museum/gallery conservator
Raymond Lynn,Silva LLC,1924-06-19,Radiation protection practitioner
Janice Dixon,"Koch, Adams and Munoz",1944-05-24,Research scientist (maths)
Lisa Gonzalez,"Walsh, Bishop and Lopez",1911-02-06,"Surveyor, hydrographic"
Raymond Torres,Elliott-Hampton,1990-06-23,Retail manager
Stacey Lawson,"Boyd, Castro and Williams",1953-07-23,"Psychologist, educational"
Stuart Morrison,"Ross, Webb and Morgan",2003-03-07,Armed forces logistics/support/administrative officer
Sarah Chavez,Case LLC,1929-11-11,Associate Professor
Daniel Shaw,Hayes and Sons,1950-09-08,"Lecturer, higher education"
Michael Smith,Welch-Kennedy,1943-01-29,Therapeutic radiographer
Cindy Delacruz,Rogers PLC,1964-09-13,"Geologist, engineering"
Kyle Gutierrez DDS,Lewis and Sons,1965-11-14,Land/geomatics surveyor
Kimberly Gray,Alexander Group,1928-01-24,"Pharmacist, hospital"
Dana Gonzalez,Miller Group,1925-10-11,Community education officer
Jessica Gomez,"Pugh, White and Williams",1909-02-02,Race relations officer
Vicki Fox,Guerrero-Rodgers,1981-07-08,"Surveyor, commercial/residential"
Richard Olson,Ochoa-Dixon,1973-01-10,Chartered public finance accountant
Joseph Henry,Miller and Sons,2000-11-16,Structural engineer
David Ferguson,Goodman LLC,1952-09-24,Forensic psychologist
Keith Joyce,Williams-Edwards,1923-09-28,Catering manager
Miranda Stewart,"Lewis, Mcdowell and Conrad",1960-04-21,"Engineer, energy"
Steven May,"Schneider, Lopez and Davidson",1928-11-25,Race relations officer
Jennifer Duncan,Schneider-Hopkins,1978-03-10,"Administrator, education"
Alexandria Miller,Hernandez and Sons,1911-03-18,"Sound technician, broadcasting/film/video"
Tracy Peck,Wood LLC,1980-09-24,"Scientist, research (physical sciences)"
Brian Mcdonald,"Brown, Parrish and Hamilton",1970-08-24,Administrator
George Miller,"Mcmillan, Brewer and Jenkins",2019-10-08,Commercial/residential surveyor
Jodi Love,Cole Inc,1913-03-16,"Education officer, environmental"
Joshua Pope,"Wood, Stone and Singh",1924-09-26,English as a foreign language teacher
Andrew Hughes,"Newton, Dickerson and Hart",1970-11-23,Midwife
Isabel Chen,Huffman Inc,1909-05-09,Sub
Jose Perry,"Johnson, Flores and Santos",1969-07-11,Public librarian
Nicholas Hutchinson,"Ward, Thompson and Davies",1947-04-09,"Teacher, English as a foreign language"
Veronica Torres,"Wood, Kent and Jimenez",2017-11-12,"Teacher, adult education"
Michelle Beard,"Hubbard, Dunn and Payne",1918-03-27,"Surveyor, minerals"
Christopher Wang,Castillo-Stephens,2012-12-21,"Programmer, applications"
Theodore Fry,"Villanueva, Lee and Watts",1933-07-11,Medical sales representative
Shelly Collins,Johnson PLC,1985-04-13,Clinical embryologist
Jason Elliott,Huffman Group,1935-09-18,Pharmacologist
Jeffrey Hernandez,Rogers-Johnson,1928-02-02,"Librarian, academic"
Billy Cantrell,Schmidt LLC,1939-01-13,"Education officer, museum"
Crystal Hardy,Lopez-Owens,1907-09-06,Psychiatrist
Kristin Best,"Carter, Morris and Williams",1984-05-28,"Physicist, medical"
Lisa Green,Horton Group,1995-08-22,"Engineer, biomedical"
Alexandra Watson,Becker-Mills,1933-08-14,"Scientist, product/process development"
William Hood,Chavez-Smith,2019-05-15,Building control surveyor
Tanya Price,"Jones, Fitzgerald and Marshall",1993-10-31,Structural engineer
Debra Sharp,Dominguez LLC,1975-02-04,Patent examiner
Deanna Conrad,Rice Ltd,1978-03-04,Health visitor
Jordan Woodard,Mcgee-Hanson,1944-10-06,"Surveyor, land/geomatics"
Andrea Webb,"Ray, Woods and Baker",2007-10-08,"Journalist, magazine"
Erin George,Garner-Blake,1930-10-12,Publishing copy
Angela Hendrix,Wright-Richardson,1932-09-08,Firefighter
Caroline Stewart,"Barrett, Lynch and Ramirez",1996-10-22,Health service manager
Heather Moody,Reeves Group,1939-03-12,Building surveyor
Jason Armstrong,"Hatfield, Smith and Turner",2019-04-02,"Engineer, civil (consulting)"
Angela Adams,Rodriguez-Wyatt,2021-08-13,Midwife
Frank Jackson,Stewart PLC,1972-06-13,"Editor, commissioning"
Jacqueline Collins,Olson-Aguilar,2000-02-03,Information officer
Jacob Fisher,"Adams, Mckinney and Stephenson",1930-12-31,Broadcast engineer
Richard Reyes,Perez LLC,1961-10-17,General practice doctor
Aaron Bryant,Williams-Benson,1965-08-30,"Engineer, materials"
Cameron Wilson,"Hill, Williams and Thompson",1999-06-10,Geographical information systems officer
Elizabeth Moore,Gutierrez LLC,1968-04-23,"Therapist, speech and language"
Juan Irwin,"Gonzales, Miller and Schultz",2001-02-16,Trade union research officer
Judy Curtis,Copeland Inc,1988-01-14,Learning disability nurse
Andrea Johnson,Skinner Ltd,1963-07-23,"Designer, multimedia"
Lori Lynch,King-Ferguson,1982-04-30,Retail manager
Thomas Hunter,Heath LLC,2013-12-03,Oceanographer
Mr. William Smith MD,Turner-Bailey,1948-01-27,"Programmer, multimedia"
Jack Higgins,Villa LLC,1992-03-20,"Engineer, chemical"
Jeffrey Marquez,"Thompson, Grant and Bell",1941-08-02,Chief of Staff
Joel Johnson,Martin Group,2003-11-20,Cytogeneticist
Amanda Macdonald,Ponce and Sons,1979-01-30,"Presenter, broadcasting"
Sherri Hanson,"Johnson, Chavez and Burke",1924-12-04,Animal nutritionist
Jared Taylor,Roberts Inc,1965-03-27,"Surveyor, commercial/residential"
Patricia Hall,Bauer and Sons,1946-08-01,Network engineer
Christopher Brown,"Ross, Chapman and Garcia",2004-01-01,Careers adviser
Nancy Strickland,Klein-Mccarty,1910-02-19,"Production assistant, radio"
Gail Davis,Bryant-Carr,1978-09-06,Consulting civil engineer
David Page,Brown-Lee,1957-09-01,Biomedical engineer
Kelly Wright,Brown-Nelson,2010-02-14,Drilling engineer
Lori Carpenter,Johnson-Kane,1963-05-25,Television production assistant
Hannah Hutchinson,Nichols-Tucker,1964-04-02,Psychotherapist
Anthony Stone,Hammond LLC,1915-03-18,Estate agent
Mary Powers,Osborne-Garcia,1984-12-03,Multimedia specialist
Rachel Evans,Marquez and Sons,1989-01-08,Public relations officer
John Larsen,"Blair, Matthews and Cameron",1939-07-02,Farm manager
Shawn Gordon,"Pena, Miller and Alvarez",1927-02-21,Tour manager
Michelle Nixon,Price PLC,2020-08-15,Seismic interpreter
Peter Wright,Taylor and Sons,1966-03-18,Hospital pharmacist
Phillip Floyd,"Johnson, Martinez and Watson",1924-03-17,Risk analyst
Kimberly Gibson,King PLC,2007-11-26,Materials engineer
Jonathan Williams,Schmidt-Owen,1963-10-11,Legal secretary
Jordan Ferguson,"Roberts, Sparks and Ballard",1917-03-06,Government social research officer
Tammy Munoz,"Stone, Roth and Freeman",2003-10-29,"Development worker, international aid"
Shelly Lopez,"Smith, Guzman and Garcia",2011-03-27,Seismic interpreter
Christina Kane,"Wright, Johnson and Harrell",1976-08-04,Furniture designer
Karen Kent,"Mccoy, Jackson and Johnson",1940-09-23,Aid worker
Deborah Rivas,Sanchez-Estrada,1930-11-12,"Teacher, early years/pre"
Jesse Williams,Suarez-Ayala,1953-09-21,Clinical biochemist
Mr. David Powell,Tucker-Miller,1990-03-29,Adult nurse
Chelsea Hartman,"Allen, Martinez and Stanley",1937-03-09,Veterinary surgeon
Perry Johnson,"Torres, Lewis and Miller",1909-10-15,"Psychotherapist, dance movement"
Lisa Russell,Reid-Gomez,1987-04-16,Clothing/textile technologist
Lisa Villarreal,Murphy and Sons,1975-07-12,"Therapist, drama"
Terry Boyd,Williams PLC,1930-09-02,Seismic interpreter
Charles Smith,Flores-Smith,1914-09-28,Risk analyst
Calvin Schmidt,"Jones, Moore and Richards",1911-05-06,Armed forces technical officer
Sean Stewart,Boyd-Li,1981-09-04,Data processing manager
James Henson,Huffman-Rivera,1961-10-04,"Engineer, aeronautical"
Willie Long,Silva-Nelson,1943-10-01,Garment/textile technologist
Maurice Jenkins,Black and Sons,1931-02-17,Artist
Kyle Maldonado,Park-Chan,1924-11-24,Brewing technologist
Sabrina Pena,"Dunlap, Rios and Keller",1960-11-16,Outdoor activities/education manager
Melissa Montgomery,"Park, Perez and Wilson",1956-11-19,Child psychotherapist
Rachel Johnson,"Martin, Patel and Bernard",1960-02-02,"Radiographer, diagnostic"
Joseph Peterson,Ray-Taylor,1994-02-17,Purchasing manager
Jill Ramirez,"Salazar, Armstrong and Martin",1916-09-28,Chartered accountant
Tamara Crawford,Owens-Simon,1910-03-03,"Exhibitions officer, museum/gallery"
David Woods,Padilla-Larson,2001-03-15,Immigration officer
Katie Harris,Martin-Swanson,1970-03-10,Logistics and distribution manager
Bruce Elliott,Jones PLC,1912-11-02,Systems developer
Nicole Coleman,Robinson PLC,1959-10-07,Tourism officer
Stephen Rodriguez,"Gutierrez, Wiley and Gonzalez",1947-09-12,Research scientist (physical sciences)
Jamie Tapia,"Jacobson, Rhodes and Gomez",1938-01-27,TEFL teacher
Thomas Cole,Clark Ltd,1977-04-27,Freight forwarder
Tim Serrano,"Marks, Lucas and Ellis",1914-03-27,Film/video editor
Jennifer Cunningham,"Haney, Bell and Roy",1972-10-10,Horticultural therapist
Deborah Brady,Holden-Rivera,1929-12-05,Press sub
Laura Norman,"Ford, Hickman and Goodwin",1909-11-13,Land
Tyler Fields,"Harris, Thompson and Carroll",1924-02-04,Geochemist
Maria Cummings,"Obrien, Young and Johnston",2007-11-14,Aeronautical engineer
Alicia Zamora,Kennedy and Sons,2016-12-28,Product manager
Jade Adkins,Hendricks-Norris,1915-12-24,"Lecturer, further education"
Deborah Smith,Riley Ltd,1912-10-25,"Designer, industrial/product"
Kevin Arnold,Yoder-Evans,1918-10-11,Analytical chemist
Charles Aguilar,"Conner, Bridges and Green",2003-03-28,Mechanical engineer
Susan Robinson,Gutierrez-Hill,1976-03-21,Radiation protection practitioner
Taylor Manning,"Alvarado, Watkins and Thomas",1969-09-02,Engineering geologist
Cory Brooks,Wong LLC,1963-05-24,Occupational hygienist
David Hoffman,"Martin, Kim and Benjamin",1934-01-30,Banker
Randall Thornton,"Costa, Powers and Rios",2008-04-12,Chemical engineer
Cory Fuller,Winters Inc,1920-10-07,Telecommunications researcher
Joy Reed,Fischer Inc,1944-08-14,Advertising copywriter
Amber Davis,Haynes-Fields,2005-02-16,Herpetologist
Sydney West,Rice Inc,1982-10-22,Sales promotion account executive
Lisa Hall,"Martinez, Gomez and Moore",1996-09-30,Print production planner
Emily Mason,"Kelly, Nelson and Guzman",1999-11-15,Advertising copywriter
Norman Evans,Sheppard-Carroll,1980-02-01,Medical laboratory scientific officer
Rebecca Rogers,Davis and Sons,1970-10-07,"Engineer, structural"
Hannah Hubbard,"Dean, Clayton and King",2011-08-04,"Surveyor, land/geomatics"
Lori Alvarado,Garcia-Robertson,1982-07-16,Event organiser
Sandra Martinez,"Wise, Lowery and Hughes",1935-05-15,"Production designer, theatre/television/film"
Thomas Rogers,Williams Ltd,1958-06-25,"Doctor, hospital"
Alex Collier,Waller-Franklin,1958-11-29,Food technologist
Timothy Kelly,"Ruiz, Thomas and Strickland",1979-07-05,Learning mentor
Steven Hogan,Osborn Ltd,1964-03-09,Network engineer
Shawn Oconnell,"Munoz, Stanton and Johnson",1949-08-16,Hospital pharmacist
Crystal Torres,Mcguire-Moon,2021-10-19,"Teacher, special educational needs"
Charles Cole,Morris-Rios,1976-08-23,Oceanographer
Stephanie Miranda,Potter Group,1913-05-01,Tourism officer
Julian Bennett,"Johnston, Archer and Aguilar",1996-12-10,"Sales professional, IT"
Thomas Richmond,Stone-Campbell,2004-11-12,Accommodation manager
Crystal Taylor,Jackson Ltd,2018-02-20,"Buyer, industrial"
Megan Lawrence,Kramer Inc,2016-03-04,Diplomatic Services operational officer
Julie Williams,Nichols PLC,1988-12-11,"Teacher, music"
Melanie Clay,Blair Group,1961-03-23,"Presenter, broadcasting"
Lindsay Gray,Cruz Ltd,1914-02-24,Film/video editor
Devin Ball,"Miller, Jefferson and French",1961-11-02,Audiological scientist
Monique Fuller,Phillips-Curry,1912-03-26,Psychiatrist
Melanie Hardy,Chavez LLC,1935-10-09,Wellsite geologist
Cheryl Foster,"Morgan, Hancock and Boone",2008-03-21,Social worker
Rhonda Nunez,"Sims, Dalton and Smith",1963-10-04,Education administrator
Pamela Fernandez,Villarreal Group,1948-05-08,Cartographer
Dakota Wallace,"Brown, Martinez and Johnson",1925-06-15,Fisheries officer
Caleb Cunningham,"May, Nash and Hudson",1995-08-03,"Therapist, sports"
Susan Hatfield,Ball PLC,1925-05-01,"Sales professional, IT"
Victoria Williams,Nguyen Ltd,1948-06-17,Financial controller
Tracy Christensen,Hunter and Sons,1959-12-09,IT sales professional
Travis Sanchez,Bowman Group,1994-05-16,Travel agency manager
Sandra Vazquez,Johnson-Sanchez,1949-12-21,Paramedic
Rachel Chambers,Simmons-Anderson,1994-02-04,"Teacher, secondary school"
Megan Simpson,Clark LLC,1955-12-21,"Education officer, environmental"
Theresa Mclaughlin,"Burton, Pollard and Marsh",1979-03-28,Corporate investment banker
Amy Garcia,"Stuart, Johnson and Craig",1966-01-08,"Optician, dispensing"
Roger Knight,Cooper-Coleman,1934-07-07,Tree surgeon
Carol Garrett,"Moody, Wilson and Lopez",1976-10-28,"Accountant, chartered management"
James Lang,Phillips Inc,1961-07-02,Printmaker
Michelle Taylor,Simmons-May,1982-11-02,"Surveyor, hydrographic"
James Jones,Bishop-Andrews,1976-11-13,Veterinary surgeon
Richard Larson,"Miller, Brown and Bryant",1991-04-27,Operational investment banker
Seth Patrick,Little-Cook,1984-09-04,Barista
Angela Rose,"Rangel, Bean and Hill",1984-05-05,Neurosurgeon
Toni May,"Vazquez, Gonzales and Hamilton",1933-01-28,Insurance claims handler
Veronica Flores,Casey LLC,1994-04-15,Clinical molecular geneticist
Jessica Davis,"Turner, Miller and Ramsey",1932-11-08,Insurance claims handler
Keith Williams,"Jones, Norris and Castro",2017-10-11,Video editor
Travis Silva,Forbes-White,1987-04-11,Dispensing optician
Sheila Anderson,Evans Group,2011-11-20,Catering manager
Andrew Harris,Russell-Kelly,1970-12-27,Brewing technologist
Joshua Smith,Kent Group,1947-07-19,Animal nutritionist
Jeffery Jones II,Kirby Ltd,1916-05-18,Petroleum engineer
Stephanie Strickland,"Anderson, Jones and Olson",1929-09-19,Intelligence analyst
Richard Graham,Anderson-Webb,1952-03-27,Academic librarian
David Mcdowell,George PLC,1986-01-10,"Conservation officer, historic buildings"
Alejandro Rose,Frederick Ltd,1945-07-04,"Scientist, research (life sciences)"
Jennifer Ray,Vaughn Inc,1979-07-14,Press sub
Jamie Robertson,Mitchell LLC,1995-12-29,Retail manager
Jason Jordan,Harrison-Li,1983-11-18,"Surveyor, mining"
Leah Simpson,Hawkins LLC,1933-08-11,Financial risk analyst
Kelli Johnson,Schroeder LLC,1955-01-15,Psychotherapist
Gregory Rodgers,Davis-Mejia,1999-03-12,"Administrator, local government"
Joshua Graves,"Haney, Davis and Mcpherson",1997-05-02,Quarry manager
Ryan Delacruz,Becker-Dennis,1950-01-25,Corporate treasurer
Elizabeth Benson,"Brewer, Miller and Nunez",1999-03-03,Television/film/video producer
Kellie Davis,Barron-Miller,1922-08-23,Heritage manager
Taylor Shea,"Sharp, Holt and Figueroa",2011-06-10,"Designer, textile"
William Hill,Ponce-Mcbride,2012-09-18,"Editor, commissioning"
Lucas Galloway,Perez PLC,1987-06-22,Writer
Isaac West,Patton-West,1986-12-28,Writer
Daniel Adkins,Robinson-Dawson,1994-05-17,Multimedia specialist
Robert Martinez,Booth-Marquez,1908-06-17,Building surveyor
Alexander Lee,Baxter and Sons,1917-09-01,Arts development officer
Jessica Stanley,Johnson Ltd,1912-01-02,Hospital pharmacist
Gina Patel,Zuniga-Jackson,1998-05-17,Prison officer
Lori Brooks,"Hall, Ramos and Sanford",1908-02-13,Air broker
Dominique Smith,"Brown, Jordan and Parker",1962-07-08,"Administrator, charities/voluntary organisations"
Cesar Buchanan,Hart-Davenport,2000-05-25,Commercial horticulturist
Susan Jordan,Douglas Group,2022-02-11,"Designer, fashion/clothing"
Heather Bowers,Dixon Group,1999-01-07,Soil scientist
Traci Shaw,Sandoval-Roman,1977-05-23,Charity officer
Vanessa Miller,Martin-Thomas,1934-07-19,Dentist
Angela Craig,French-Robinson,1941-10-31,Intelligence analyst
Nicholas Thomas,Sullivan Group,1946-06-17,Mechanical engineer
Paul Garcia,Lawson Inc,1929-01-19,Environmental education officer
Alexander Fowler,Hardin-Ruiz,1935-11-09,"Solicitor, Scotland"
Cynthia Allen,Lane LLC,1958-08-31,Broadcast journalist
Jonathan Lynch,Barnes and Sons,2000-08-14,Chiropodist
Tonya Sanders,"Brady, Salazar and Collins",1913-08-20,"Journalist, newspaper"
Matthew Lopez,Lamb-Wagner,1999-09-09,Armed forces logistics/support/administrative officer
Keith Garcia,Mcgrath-Bryant,1915-04-22,Barrister
Terry Hess,"Floyd, Johnson and Smith",1971-10-23,"Accountant, chartered management"
James Santos,"Patton, Flores and Howard",2003-10-23,"Pharmacist, community"
Margaret King,English Group,1968-02-05,"Engineer, petroleum"
Tyler Parker,Chavez and Sons,1988-02-11,Archivist
Stephanie Berry,Thompson-Hanna,2021-02-11,Theatre manager
Dorothy Barajas,Hanson-Briggs,1916-12-11,Mudlogger
John Johnson,Schroeder-Robinson,1926-02-04,Multimedia specialist
Tony Williams,"Hernandez, Cunningham and Padilla",1921-07-12,"Administrator, charities/voluntary organisations"
Zachary Lee,"Butler, Adams and Clark",1995-08-24,Architectural technologist
Dr. Sean Jones,Rivera-Hinton,1963-02-10,"Editor, film/video"
William Beasley,"Kennedy, Smith and Maldonado",1910-11-13,Animal nutritionist
Justin Edwards,Franklin-Grimes,1908-07-28,"Librarian, academic"
Dean Rodriguez MD,Heath-Jones,2018-11-28,Electronics engineer
Kelly Ward,Johnson and Sons,1960-11-04,Sales executive
Geoffrey Andrade,"Harris, Flores and Williams",1946-03-31,Primary school teacher
Jeanne Robbins,"Yates, Campbell and Stevens",1923-04-21,Community education officer
Jacqueline Walsh,Marshall and Sons,1918-02-23,Education administrator
Justin Parrish,West Group,1985-04-16,Make
Kevin Parsons,Hebert PLC,1989-09-27,Geophysical data processor
Claire Guzman,Perez PLC,1989-09-06,Astronomer
Bryan Weaver,"Guerrero, Kim and Mooney",1908-04-23,Civil Service fast streamer
Theresa Spencer,Singh-Floyd,1938-09-18,Television production assistant
Catherine Murphy,Johnson-Clark,1986-07-07,"Designer, blown glass/stained glass"
Ashlee Phillips,Garrett-Mckinney,1917-08-10,"Geneticist, molecular"
Michael Gray,Castaneda Ltd,1956-06-28,Hydrologist
Mark Dixon,Brown LLC,1958-08-26,Water engineer
Curtis Buckley,Dunn-Johnston,1995-05-19,Product designer
Nicholas Vega,"Patel, Glass and Jackson",1918-08-04,"Clinical scientist, histocompatibility and immunogenetics"
Lori Young,Miller LLC,1976-05-21,"Engineer, mining"
Luke Hamilton,"Wood, Perkins and Phillips",2018-01-25,Radio producer
Matthew Davis,Baker LLC,2022-01-12,Youth worker
Charles Jones,"Jennings, Jones and Joseph",2012-04-19,Financial controller
Melissa Rowe,Mcconnell-Lyons,1955-05-10,Warden/ranger
Kathleen Simmons,Olson-Cain,2016-05-08,Site engineer
Logan Mays,Brown-Wilson,2007-03-06,"Embryologist, clinical"
Timothy Levy,"Nicholson, Brown and Tanner",1997-08-29,Senior tax professional/tax inspector
Caroline Garcia,"Mack, Austin and Sawyer",1963-03-30,Air cabin crew
Jennifer Strickland,"Parks, Rice and Evans",1955-09-18,Chief Strategy Officer
Tammy Peterson,Gibson PLC,1921-08-28,Interior and spatial designer
Paul Kirk,Miller-Hernandez,1963-02-02,Set designer
Michael Boyd,Howell-Lewis,1951-08-22,Land/geomatics surveyor
Christopher Smith,Gordon-King,2022-07-28,Applications developer
Linda Diaz,"Mendoza, Torres and Moore",1930-04-04,Paediatric nurse
Erica Medina,Fox PLC,1962-12-29,Chemical engineer
Craig Johnson,"Peterson, Sullivan and Garcia",1941-12-08,Sports development officer
Vickie Curtis,Robinson PLC,1988-04-13,"Psychologist, occupational"
Jacob Lloyd,Duncan Inc,1910-11-18,Dealer
Sheila Herrera,Green-Gonzalez,1923-02-22,Agricultural consultant
Angel Holmes,"Flores, King and Estrada",1996-02-13,Intelligence analyst
Misty Jordan,Rodriguez and Sons,1966-01-20,Software engineer
Ricardo Foster,"Mcdonald, English and Quinn",1965-03-05,Medical technical officer
Paul Montgomery,"Brennan, Gonzalez and Mathis",2003-10-18,Medical technical officer
Hailey Hendrix,"Ramos, James and Banks",1942-04-07,Office manager
Chelsea Howe,"Jackson, Farmer and Ramirez",1957-05-11,Counselling psychologist
Laura Smith,Floyd and Sons,2000-04-18,Advertising art director
Eric Gardner,"Ferguson, Simpson and Park",2004-08-26,Patent examiner
Micheal Davis,Costa-Wolfe,1938-08-30,"Investment banker, corporate"
Robin Hernandez,Morse-Gonzalez,1999-01-12,Advice worker
Sarah Hopkins,Jones Group,1982-04-17,Medical laboratory scientific officer
Andrew Gray,Mendez LLC,2015-01-19,Operational researcher
Wesley Glass,Parker-Hanna,1917-05-12,Lawyer
Adrian Hall,Soto PLC,1928-03-17,Comptroller
Kelsey Aguilar,"Marks, Carson and Jones",1979-10-01,"Librarian, public"
Linda Williams,Schneider Inc,1908-10-02,"Scientist, marine"
Jennifer Collins,"Brown, Daniel and Whitaker",1929-04-27,"Teacher, special educational needs"
Kelli Howard,Williams Inc,1914-10-16,"Buyer, retail"
Debbie Alexander,Barrett-Mitchell,1994-04-30,"Editor, commissioning"
Samantha Larson,Turner Inc,1925-11-01,"Psychologist, forensic"
Clifford Casey,"Gomez, Ramirez and Garcia",1978-07-12,Site engineer
Robert Potter,Kennedy-Zavala,1978-10-17,"Civil engineer, consulting"
Austin Ponce,"Bell, Newman and White",1917-03-10,Production engineer
Diana Schwartz,"Lane, Golden and Franklin",1955-11-26,Geographical information systems officer
Tiffany Casey,"Horne, Decker and Miller",1988-03-09,"Embryologist, clinical"
Tracy Peters,Fox Inc,1975-07-23,Medical secretary
Tiffany Cunningham,Wyatt Group,1973-11-14,"Journalist, magazine"
Shelley Houston,"Garcia, Mendoza and Guzman",1941-08-15,Data scientist
Samantha Jensen,"Wilson, Parker and Oliver",2007-09-30,Customer service manager
Dr. Brooke Norris,"Benjamin, Romero and Collins",1908-04-28,"Physicist, medical"
Angela Hernandez,Stanton-Johnston,1985-01-02,Fine artist
Jimmy Lee,"Morgan, Carrillo and Mcdonald",1913-04-24,"Radiographer, therapeutic"
Steven Brewer,"Young, Fritz and Osborne",1963-05-24,"Merchandiser, retail"
Taylor Patrick,Miller and Sons,2004-10-28,Video editor
Justin Lopez,Warren-Mccoy,1977-07-03,Automotive engineer
Taylor Gibson,Macias and Sons,1977-06-10,Archivist
Jeffrey Hebert,"Rodriguez, Foster and Reynolds",1946-06-23,Secretary/administrator
Tyler Richards,Craig-Simmons,1941-12-07,Veterinary surgeon
Isaac Torres,Juarez-Middleton,1955-04-19,Heritage manager
Mark Meyer,Vega-Wilson,1936-08-25,"Surveyor, insurance"
Jeffrey Ramirez,"Casey, Jordan and Johnson",1982-04-27,Call centre manager
Jennifer Roth,Moran-Jones,1964-06-05,Film/video editor
Alvin Harris DDS,Stewart Group,1939-06-06,Archivist
Sabrina Khan,Wright LLC,1973-07-03,"Investment banker, operational"
Mary Li DDS,Jenkins-Waller,1932-08-28,Psychiatric nurse
Henry Figueroa,"Stokes, Thornton and Walsh",1918-02-01,Food technologist
Kelly Harris,"Taylor, Kent and Williams",1923-02-09,"Engineer, agricultural"
Kimberly Singh,French-Aguirre,1977-09-11,"Engineer, petroleum"
Kevin Burgess,Bailey-Price,1990-02-17,Farm manager
Todd Butler,Wood-Orr,2021-04-07,Warehouse manager
Amy Vazquez,Ortega and Sons,1931-09-18,Microbiologist
Stacey Weaver,Salinas LLC,1949-04-07,Music therapist
Bonnie David,"Arnold, Schwartz and Estrada",1924-01-16,Field trials officer
Catherine Hart,Davis Ltd,1929-03-19,Risk analyst
Christopher Murphy,"Martin, Johnson and Smith",1983-12-14,English as a second language teacher
Kathleen Wilson,"Miller, Barker and Stephens",1971-06-23,Television floor manager
Scott Maxwell,"Abbott, Blake and Robinson",1967-03-21,"Nurse, mental health"
Holly Jordan,"Martin, Lee and Nelson",2014-07-17,Health and safety inspector
Edward Christensen,"Reyes, Peterson and Greene",1971-10-17,Geophysical data processor
Patricia French,Black-Harmon,1921-04-12,Higher education lecturer
Morgan Young,Owens-Bailey,1988-01-06,"Psychologist, forensic"
Tiffany Smith,Davis-George,1979-04-03,"Nurse, children's"
Jamie Anthony,Young-Daniel,1913-06-26,Careers adviser
John Martin,"White, Garza and Lopez",1917-10-06,Financial planner
Mark Lee,Tate Group,2011-09-13,Building services engineer
Ellen Hall,Bennett-Scott,1943-10-21,Chartered loss adjuster
Richard Cruz,Brown PLC,1964-12-14,Bonds trader
Jeremy Wheeler,Smith-Gonzalez,1994-10-30,Software engineer
David Cook,Rice-Stevens,1929-10-03,Toxicologist
Emily Williams,Shaffer Inc,1928-05-15,Logistics and distribution manager
Jacqueline Watson,"Cordova, Jones and Cooke",2010-08-26,"Administrator, charities/voluntary organisations"
Ryan Lloyd,Johnson-Ramirez,2004-12-31,Ranger/warden
Colin Jackson,Swanson Inc,1944-02-27,Diagnostic radiographer
Andrea Mitchell,Simmons-Wood,1907-04-02,Geophysical data processor
Matthew Snyder,Jones and Sons,2001-03-16,Retail manager
Sarah Kaiser,"Sims, Copeland and Murphy",1974-10-20,Arts development officer
Adam Johnson,Allen Ltd,1978-05-09,Microbiologist
Rachel Acosta,Vaughn Group,1968-09-30,Retail banker
Wendy Christensen,Hart Group,1928-02-03,Magazine features editor
Lauren Logan,Hampton-Anderson,1953-05-27,"Designer, textile"
Molly Mitchell,Robinson Group,1990-12-13,Location manager
Eric Allison,"Reynolds, Young and Burke",2006-01-19,Land/geomatics surveyor
Chloe Shea,Mcconnell-Spears,1917-03-22,Police officer
Theodore Jennings,"Mcdonald, Mills and Mcbride",1908-04-11,Fine artist
Michael Mckenzie,Sawyer-Jones,2016-09-29,"Conservation officer, historic buildings"
Jennifer Dean,Warren Group,1969-03-06,"Scientist, research (life sciences)"
Sean Santiago,Marshall PLC,1933-07-21,Make
Robert Hill,Grant-Brown,2012-11-18,Retail banker
Karen May,"Smith, Singh and Kennedy",1971-04-29,Social researcher
Emily Morris,Lopez-Shepherd,1992-02-03,Probation officer
Kimberly King,Johnson and Sons,1973-11-09,Arts development officer
Renee Marshall,May Ltd,1948-05-01,Art therapist
Sydney Bradshaw,Richardson-Thompson,1969-12-02,Dance movement psychotherapist
Erica Bradley,"Maddox, Patterson and Ruiz",2007-12-31,Insurance broker
Glenn Coleman,"Thomas, Blankenship and Bailey",2011-05-14,Barrister
Brent Dawson,"Jimenez, Ward and Kent",1963-09-18,Travel agency manager
Mrs. Tammy Barnes,Watson-Cruz,1984-01-12,Chartered legal executive (England and Wales)
Michael Henderson,Martinez PLC,1950-01-07,Charity officer
Nathan Phillips,"Craig, Love and Hernandez",1916-12-14,Patent examiner
Miguel Lam,Lopez and Sons,1918-04-20,Visual merchandiser
Mason Williams,"Clark, Rivera and Hicks",1927-03-16,Passenger transport manager
Jared Davis,"Romero, Smith and Cobb",1993-11-07,Field seismologist
Jamie Evans,"Young, Hernandez and Bush",1938-08-27,Data processing manager
Valerie Hurley,Byrd-Williams,2012-03-14,"Therapist, speech and language"
Jennifer Henderson,Fisher-Webb,1966-10-06,Legal secretary
Erica Smith,Parrish-Flores,1966-02-08,Field seismologist
Brittany Carpenter,Mullins Inc,1945-06-09,Forest/woodland manager
Jackson Cook,Wilson-Mcmillan,1954-03-19,Hospital doctor
Christian Cummings,Daniels-Mitchell,1933-10-18,Structural engineer
Cody Clark,Hubbard PLC,1998-07-10,Toxicologist
Kenneth Garcia,"Williams, Olson and Mitchell",1924-03-29,"Accountant, chartered"
Kaylee Golden,Ramirez-Arroyo,1964-04-05,"Development worker, community"
Thomas Roberts,Young-Hughes,1922-12-03,"Psychotherapist, dance movement"
Julia Savage,"West, Smith and Williams",1968-05-17,IT trainer
Holly Gentry,Porter-Howard,1963-04-29,Education administrator
Thomas Walsh,Hall Inc,1958-10-25,Clothing/textile technologist
John Alvarez,Barnett LLC,2021-04-11,Web designer
Angela Liu,Shaw-Collins,1971-05-01,Fashion designer
Cassandra Allen,Campbell LLC,1974-03-25,Video editor
Christopher Tran,Lopez PLC,2020-03-12,Exhibition designer
Sydney Deleon,"Martin, White and Shannon",2012-02-18,Fine artist
Fernando Brown MD,Ross Group,2013-04-11,"Scientist, marine"
Tom Johnson,Gaines-Benson,1938-12-10,Bonds trader
Mr. Michael Oconnor,Ruiz Inc,1927-06-13,Retail banker
John Peterson,"Lutz, Oneill and Juarez",1927-04-22,Textile designer
Bianca Trevino,"Wilson, Singleton and Martinez",1995-09-10,Health and safety adviser
Carlos Hardy,Leonard Group,2017-07-03,"Administrator, sports"
Beverly May,Ramos PLC,1964-06-19,Jewellery designer
Jack Guzman,Johnson PLC,1982-06-07,Lexicographer
James Krueger,"Patel, Brown and Carr",1975-03-22,Medical physicist
Donald Gonzales,"Anderson, Valentine and Roberts",2021-03-17,Interior and spatial designer
Tammy Davis,Pittman-Diaz,2007-06-02,"Production assistant, television"
Monica White,Harris LLC,1957-12-22,"Engineer, water"
Erika Cabrera,Carter Ltd,1971-08-06,Soil scientist
Brian Castillo,Guerrero-Foster,1912-10-11,Drilling engineer
Mrs. Robin Gallagher,Flores-Meyers,1987-08-11,"Nurse, learning disability"
Maria Ruiz,Hall-Schmidt,1946-08-11,Product designer
Nathan Morales,Kim PLC,1966-12-05,Local government officer
Michael Peters,Wright-Bishop,1977-12-27,Dealer
Melissa Proctor,"Cooper, Lee and Banks",2002-01-12,"Investment banker, corporate"
Drew Flores,"Brooks, Salazar and Williams",1981-10-26,Sports development officer
Tammy Lane,House-Garcia,1997-07-21,"Radiographer, therapeutic"
Jason Mccarthy,"Turner, Lindsey and Huang",1938-02-12,"Surveyor, insurance"
Michael Ingram,Bowen-Scott,1999-02-22,Archivist
Jason Lynch,"Melton, Alexander and Johnson",1933-11-17,Therapeutic radiographer
Cynthia Hayes,"Snow, Sharp and Lee",1972-02-06,Computer games developer
Joyce Hebert,Gonzales-Owen,1967-04-07,Television floor manager
Alex Wade,Rose Group,1907-04-03,Medical technical officer
Stephen Johnson,Osborne-Larson,1996-11-30,Pathologist
Thomas Nichols,"Fitzgerald, Cook and Walsh",2017-07-21,"Engineer, water"
Elizabeth Gregory,"Rojas, Graves and Scott",1929-06-20,Armed forces operational officer
Cassandra Parsons,Price-Smith,1995-03-09,Health visitor
Mary Hale,Henry Group,2007-06-22,Financial controller
Daniel Mendoza,Jones-Spears,1991-03-13,"Librarian, academic"
Jennifer Robinson,Hunter-Blair,1948-04-06,"Buyer, industrial"
Teresa Brown,Peck LLC,1953-05-26,Music therapist
Joanna Rice,"Robinson, Harrison and Hall",1978-06-10,Retail buyer
Andrea Schmidt,Watts LLC,1969-11-26,Printmaker
Debra Horton,Anderson LLC,2000-07-16,"Psychologist, sport and exercise"
Renee Cobb,"Johnson, Williams and Raymond",1921-03-15,Musician
Marc Carter,Rhodes-Thomas,2005-01-11,Immigration officer
Eddie Adams,Brandt PLC,1974-02-03,"Research officer, government"
Cody Powell,"Hogan, Mckinney and Robles",2015-01-19,Structural engineer
Danny Higgins,Thompson-Delgado,1995-01-18,IT technical support officer
Cesar Cowan,Romero-Mcclain,1963-05-08,"Embryologist, clinical"
Christine Green,Nguyen-Miles,1910-04-18,"Biochemist, clinical"
Christopher Collins,Jones and Sons,1985-08-20,IT trainer
Courtney Howard,Stewart-Taylor,2010-07-02,"Librarian, academic"
Chase Williams,Nelson Ltd,2007-05-17,"Production designer, theatre/television/film"
Amanda Thomas,"Bates, Miller and Jackson",1986-02-19,Music therapist
Casey Villanueva,Flores PLC,1937-06-20,Hospital pharmacist
Kim Morris,"Lucas, Lopez and Mack",1964-11-01,Optometrist
Angela Wright,"Velez, Evans and Blackwell",1934-03-25,Quantity surveyor
Ellen Thomas,"Heath, Ellis and Fry",1947-10-21,Tourist information centre manager
Sabrina Snyder,Wolfe-Sanchez,2007-07-30,Product designer
Robert Gonzalez,Hurley-Arnold,1946-04-20,Chief Technology Officer
Brenda Torres,"Gardner, Flores and Perez",1981-12-19,Associate Professor
Cody Smith,Holt-Barrera,1976-10-27,Financial planner
Veronica Brown,"Carter, Jordan and Bennett",1949-06-16,Bookseller
Jonathan Clark,Collins PLC,2006-08-29,Technical sales engineer
David Steele,Snyder-Roth,1940-02-02,Exercise physiologist
Daniel Shaffer,Wright-Larsen,2004-08-09,Electrical engineer
Kevin Davis,"Harper, Snow and Woodard",1968-08-07,"Psychologist, prison and probation services"
Joshua Dougherty,Mora-Williams,1955-08-13,Systems analyst
Sabrina Park,Thompson-Pitts,1927-06-03,Broadcast presenter
Robert King,Blair-Cline,1978-12-02,"Merchandiser, retail"
Elizabeth Meyer,Young-Barton,1909-08-18,"Chemist, analytical"
Shannon Maldonado,Nelson-Cervantes,1997-10-28,Publishing rights manager
Chad Schmitt,Nelson-Deleon,1960-04-05,Civil Service fast streamer
Terry Diaz,Perez-Hall,1911-04-29,"Engineer, communications"
Travis Bell,Williams PLC,1964-04-19,Primary school teacher
Joshua Ramsey,Cook-Wilkerson,1921-04-18,Associate Professor
Veronica Ryan,Jones-Mcdonald,1964-02-07,Recruitment consultant
Julia Reynolds,"Thompson, Rosario and Montgomery",1972-05-11,"Therapist, speech and language"
Michael Jenkins,"Pratt, Moran and Scott",1947-06-10,Psychiatric nurse
Caitlin Montgomery,Torres LLC,1968-12-09,Theatre stage manager
Shannon Carr DVM,Palmer-Bradley,1937-12-10,Administrator
Jason Bryant,Alexander-Mullen,1978-02-21,"Nurse, children's"
Henry Tapia,"Holt, Pratt and Shelton",1907-05-18,English as a second language teacher
Molly Young,Campbell LLC,1955-03-20,Arts administrator
Eric Hays,"Walker, Parker and Robinson",1927-07-10,Technical brewer
Matthew Stout,Hill Inc,1911-01-31,"Librarian, academic"
Debra Vasquez,"Fields, Newman and Nguyen",1912-11-12,Minerals surveyor
Daniel Wright,"Klein, Irwin and Olson",1920-04-23,Systems developer
Amanda Wilson,White Ltd,2005-10-21,"Secretary, company"
Nathaniel Perez,"Williams, Pearson and Evans",1979-10-22,Occupational therapist
Jeremy Miller,Vega-Brown,1919-04-26,Acupuncturist
Holly Bennett,Smith Group,1928-12-19,Sales promotion account executive
Deborah Fritz,"Aguilar, Estrada and Simpson",1981-06-17,Gaffer
Emma Joyce,Garcia-Knight,2014-11-15,"Engineer, civil (contracting)"
Claudia Cooper,Mitchell Group,1935-08-05,Gaffer
Shelby Burton,Schmidt-Peterson,1961-10-26,Quality manager
Tiffany Reid,Summers Group,1962-12-22,Computer games developer
Emily Stewart,"Clark, Jackson and Scott",2012-09-02,Private music teacher
Connie Ross,Kelley-Martinez,1952-08-10,Medical sales representative
John Sullivan,Santos PLC,1909-06-22,Trading standards officer
John Williamson,Baker LLC,2008-09-15,Actor
Justin Estrada,Boone-Anderson,2008-08-16,Architectural technologist
Carla Lewis,Meyers Inc,1962-02-18,Astronomer
Shawna Jackson,"Woods, Mendoza and Harrison",1962-08-16,Dancer
Laurie Blake,Bates Ltd,2005-11-22,"Secretary, company"
Christine Burke,"Faulkner, Williams and Mclaughlin",1955-10-19,Warden/ranger
Kayla Snow,Espinoza Ltd,2021-09-11,"Producer, television/film/video"
Jason Torres,Browning and Sons,2014-04-04,Hydrographic surveyor
Felicia Carter,"Smith, Robinson and Baldwin",1945-10-29,"Administrator, education"
Antonio Lee,"Peterson, Mcdonald and Hart",1972-10-25,Insurance account manager
Crystal Johnson,Ryan-Martinez,1967-08-06,Industrial buyer
Alexander Adams,Acosta-Henderson,1993-09-08,"Engineer, biomedical"
Amanda Burton,Chan LLC,1941-01-25,Systems analyst
Tammy Hunt,Mooney-Kelly,1919-11-24,Mining engineer
Jade Long,"Sanders, Miller and Murphy",1911-06-28,"Therapist, occupational"
Miss Mary Davis,Ray-Griffin,1976-08-18,Garment/textile technologist
Melanie Coleman,Ramirez Inc,1921-05-08,"Engineer, civil (consulting)"
Audrey Campbell,Reed Inc,1975-04-13,Radiation protection practitioner
Renee Ryan,Erickson-Davis,1993-12-28,Sub
Debbie Mills,Armstrong-Dunn,1949-02-14,Geophysicist/field seismologist
Eric Ayala,Martin-Freeman,1958-12-05,Technical sales engineer
Jennifer Bartlett,Delacruz Inc,1970-08-18,"Civil engineer, consulting"
Brenda Cruz,"Frey, Garner and King",1951-07-22,Magazine features editor
Jody Walsh,Griffin PLC,1984-05-24,Exhibition designer
Edward Patterson,Ford-Ross,1943-12-06,"Administrator, education"
Stephanie Hodges,Thompson and Sons,1989-09-27,Air broker
Matthew Hodge,"Delgado, Harris and Vaughn",1987-01-09,Animator
Adam Randolph,Johnson-Jones,2000-08-18,Armed forces technical officer
Mrs. Ashley Rangel,Gordon-Lopez,1943-01-14,Risk analyst
Tammy Guzman,"Lawson, Garrett and Hill",2015-03-27,Bonds trader
Daniel Edwards,Myers-Moore,2020-11-22,"Solicitor, Scotland"
Richard Murphy,"Franklin, Gray and Chaney",1975-02-25,Computer games developer
Suzanne Jenkins,Zuniga-Richards,1978-11-20,"Editor, magazine features"
Ian Richards,Pittman-Salazar,2011-02-05,Toxicologist
Joseph Rojas,"Garcia, Acosta and Huff",1923-08-11,Neurosurgeon
Benjamin Pearson,"Jones, Chung and Decker",1999-02-14,English as a foreign language teacher
Whitney Grimes,"Bishop, Barker and Dean",1962-08-29,Furniture designer
Jessica Cannon,Cole-Scott,1931-02-23,Event organiser
James Smith,"Mccall, Nichols and Harris",2018-03-27,"Librarian, academic"
Christina Martin,Hall-Allen,2013-12-02,Tax adviser
Richard Lewis,Rogers LLC,1924-06-25,"Exhibitions officer, museum/gallery"
Lisa Perez,Stewart Ltd,1926-01-10,Land
Ethan Figueroa,Cruz-Hawkins,1957-08-07,Brewing technologist
Chad Johnson,Dickerson Inc,1961-09-19,Freight forwarder
Mary Flores,Taylor-Sanchez,1972-07-10,"Engineer, agricultural"
Taylor Mosley,Savage Group,1952-02-22,Chemical engineer
Jamie Church,Patterson Group,1941-10-10,Television floor manager
Rose Zavala,Flowers Ltd,1916-07-16,Television floor manager
Andrew Brown,"Rivers, Poole and Griffin",1977-10-12,Chartered certified accountant
Tiffany Zimmerman,"Oneill, Parks and Mcdonald",1977-09-13,"Surveyor, rural practice"
Leah Salinas,Humphrey-West,1957-11-20,Production manager
Laura Miller,Graham and Sons,1910-01-22,Forest/woodland manager
Cassandra Hoover,"Phillips, Rose and Mahoney",1997-05-25,Fine artist
Michael Vargas,Wells-Franklin,1997-08-08,Human resources officer
Cynthia Lyons,Wilson Inc,2001-09-11,Clinical embryologist
Francisco Davis,"Vega, Lara and Medina",1954-02-14,"Social research officer, government"
David Sawyer,Boyd-Miller,2022-06-09,Art therapist
Sharon Bradshaw,Morgan and Sons,1924-10-04,"Psychotherapist, dance movement"
Jeremy Patterson,"Flores, Baird and Keller",1925-06-27,Speech and language therapist
Jamie Nelson,Mitchell-Copeland,1913-08-08,Interpreter
Kayla Perez DDS,Harris-Fisher,1965-02-21,Video editor
Brooke Lang,Johnson-Rogers,1982-11-17,Clinical embryologist
Justin Vance,Price-Romero,1934-08-07,"Administrator, charities/voluntary organisations"
Zachary Cummings,"Herrera, Gibbs and Martinez",1937-11-30,Chartered certified accountant
Raymond Rodgers,Smith-Hernandez,2017-07-06,Solicitor
Richard Smith,Knight Inc,1972-09-27,"Scientist, product/process development"
Lori Daniels,Rivera Ltd,1918-08-12,Marketing executive
David Gardner,"Bender, Odonnell and Long",1964-09-17,Mechanical engineer
Dennis Smith,Jackson and Sons,2001-07-09,Further education lecturer
Taylor Arnold,Warren Inc,1995-02-14,"Editor, film/video"
Douglas Duffy,Myers-Williams,1984-11-25,Mining engineer
Barry Stone,Alexander Inc,2022-03-18,Metallurgist
Edward Reyes,Thomas and Sons,2004-05-30,Stage manager
Scott Watson,"Sandoval, Jackson and Palmer",2022-06-19,"Engineer, maintenance"
Matthew Roberts,"Luna, Mitchell and Golden",1945-05-03,Fashion designer
Lisa Cunningham,"Stafford, Hughes and Jones",1998-05-09,Immunologist
Kimberly Martin,"Barker, Farmer and Edwards",2008-09-07,Civil Service fast streamer
Jordan Chavez,Taylor PLC,1945-05-17,Call centre manager
Anita Gill,Proctor-Pineda,1933-05-17,Retail merchandiser
Lisa Smith,Cisneros-Finley,1967-02-03,Multimedia programmer
William Phillips,"Ramirez, Turner and Potter",2008-07-23,"Teacher, adult education"
Tyler Mitchell,"Jones, Oliver and Kelly",1993-10-28,Clinical research associate
Drew Oneill,Dean PLC,1954-09-11,Copy
Stephanie Morales,Patterson LLC,1964-04-12,Software engineer
Karen Landry,Gardner Group,1969-02-26,"Scientist, research (medical)"
Tracy Garcia,Murphy-Richardson,1922-01-21,Location manager
Christine Williams,"Cooper, Henderson and Burke",1916-03-18,"Therapist, horticultural"
Christine Kline,Mendoza-Garrett,1968-04-13,Hospital pharmacist
Nicholas Barr,Brewer-Valenzuela,1942-05-05,Water engineer
Connor Green,Porter-Jones,1995-08-18,Corporate investment banker
Ethan Leblanc,"Rose, Mathews and Davis",1934-12-19,"Administrator, sports"
Charlene Miranda,"Myers, Blackwell and Sanchez",1914-08-16,Tax inspector
Dawn Hale,Baird PLC,1916-07-11,Clothing/textile technologist
Morgan Mcgee,"Shepherd, Alvarado and Martin",1969-04-25,"Designer, graphic"
Michelle Johnson,Huynh-Browning,1937-04-02,Analytical chemist
Anne Mcintosh,"Alexander, Guzman and Fletcher",2015-07-03,Advertising art director
Jason Marquez,Bennett LLC,1914-01-02,"Scientist, water quality"
James Miller,"Le, Wilson and Garner",1940-07-20,Translator
James Farmer,"Delacruz, Smith and Ingram",1967-05-16,"Librarian, academic"
Scott Sutton,Ferguson-Gonzalez,1946-07-27,Heritage manager
Lauren Meyer,"Sanchez, Smith and Davis",2013-09-26,"Surveyor, hydrographic"
Ann Colon,"Tate, Santos and Russell",2022-11-24,"Biochemist, clinical"
Brian Gray,Perry Group,2004-01-09,Health and safety adviser
Nicholas Powers,Moore Ltd,1932-01-12,Equities trader
Jeffrey Carr,Thomas-Scott,1925-08-17,"Designer, textile"
James Brooks,Gutierrez Group,1949-06-10,Jewellery designer
James Blackburn,Becker-Lutz,1991-01-25,"Engineer, automotive"
Frederick Watson,Tate Inc,1974-05-09,Trading standards officer
Angela Chavez,Nguyen-Mcmahon,1948-07-21,Market researcher
Mark Martinez,"Peterson, Higgins and Johnson",1985-06-09,"Research officer, trade union"
Leslie Serrano,"Torres, Chaney and Hart",1929-05-23,Occupational psychologist
Frederick Mathis,Smith-Stokes,1922-07-07,Marketing executive
Amanda Castillo,Perry-Moody,1922-02-19,Music tutor
Erica Stephens,Patrick Group,1948-12-22,"Scientist, research (medical)"
Christina Harrington,Moore-Brown,2020-05-15,Lawyer
Megan Guzman,"Parker, Walker and Brooks",1945-07-08,Regulatory affairs officer
Mr. Sean Lucas,Lee-Sullivan,2020-04-04,"Conservator, museum/gallery"
Kenneth Mccullough,"Ramirez, Young and Rodriguez",2010-12-04,Water engineer
Phillip Ferrell,Vaughn-Lang,2000-11-27,Advertising account planner
Laura Lamb,"Rojas, Pierce and Gray",1935-10-23,Structural engineer
Darlene Smith,"Thompson, Evans and Johnson",1982-01-30,"Administrator, sports"
Thomas Hayes,"Wright, Brown and Anderson",1946-11-28,Television floor manager
Carlos West,Ramirez LLC,1953-12-27,Field trials officer
Lisa Lowe,Richards Ltd,2000-04-17,Warden/ranger
John Murphy,"Moore, Swanson and Smith",1966-11-02,Theatre director
Jason Fuller,"Sheppard, Collins and Hodges",1950-08-14,Commercial/residential surveyor
Erik Reed,"Miller, Hicks and Bailey",2008-07-21,Plant breeder/geneticist
Carlos Ortiz,Sherman-Gates,1931-11-15,Medical laboratory scientific officer
Allison Brown,Johnson Ltd,1998-08-19,Building control surveyor
William Russell,Thompson-Sims,1923-07-03,Haematologist
Patrick Sanchez,Hunter-Cummings,1945-04-07,Astronomer
William Huffman,Lyons-Keller,1915-03-06,Computer games developer
Walter Burnett,Snyder-Farmer,1973-11-03,Community pharmacist
Elizabeth Davis,Hill Ltd,1949-11-03,Geochemist
Patrick Williams,"Giles, Herrera and Taylor",2015-12-26,"Teacher, primary school"
Dale Nunez,Brown and Sons,2019-09-24,Musician
Carrie Rogers,Fuentes-Mays,1967-11-21,Armed forces operational officer
Elizabeth Webb,George Inc,1940-08-16,Insurance broker
Daniel Duke,Jimenez LLC,2007-09-23,Quarry manager
Michaela Johnson,Moore-Scott,1981-02-03,"Education officer, community"
Blake King,Morgan-Clark,1921-10-31,"Engineer, electronics"
Julie Young,Humphrey-Underwood,1962-06-05,Investment analyst
Barbara Perez,Jones-Walker,1952-08-29,Equities trader
Matthew Edwards,"Finley, Anthony and Cruz",2003-12-30,Hospital doctor
Pamela Young,Reed PLC,1913-05-02,Insurance risk surveyor
Ariel Martin,"Simmons, Vaughn and Tapia",1911-02-13,Event organiser
Patrick Kaiser,Maxwell-Garza,1953-06-27,Medical laboratory scientific officer
Amy Parker,Berg-Osborne,1931-08-13,Cabin crew
David Campbell,"Sanders, Fields and Boyle",1930-09-05,"Surveyor, quantity"
John Romero,Davidson Inc,1939-03-01,Land/geomatics surveyor
Lauren Castro,"Thomas, Rogers and Harrington",2005-03-02,Trade union research officer
James Lane,"Smith, Mason and Smith",1956-09-10,Building surveyor
Mackenzie Smith,"Brown, Stanley and Garcia",1979-02-27,Economist
Amanda Goodwin,Aguilar-Andersen,1922-10-09,Environmental manager
Terri Cuevas,Wilson Ltd,1912-11-07,Diagnostic radiographer
Keith Ruiz,Campbell-Pruitt,1993-05-05,Landscape architect
Elizabeth Evans,Moore LLC,2017-09-05,Futures trader
Robert Brown,"Hodge, West and Burke",1937-02-06,"Editor, commissioning"
Ethan Peck,Bishop-Perry,1948-08-11,Estate manager/land agent
Dr. Samuel Smith,Strong-Castro,1949-08-18,"Engineer, site"
Elizabeth Huynh,Andrews-Walker,1908-09-19,Clinical biochemist
Dennis Taylor,"Wilson, Smith and Velez",1982-01-14,Prison officer
Megan Cantrell,Bennett-Graves,2010-12-03,Solicitor
Tyler Chapman,James Inc,1933-04-18,Editorial assistant
Christopher Meyer,"Bautista, Morales and Boyd",2004-03-21,"Education officer, community"
Robert Jones,Thomas Group,1967-05-24,Music therapist
Tonya Adams,Bell and Sons,1967-11-21,"Engineer, site"
Dennis Nelson,"Wise, Warren and Hancock",1960-04-11,"Engineer, electrical"
Malik Yates,Stephens Ltd,1987-06-01,"Scientist, marine"
Randall Foster,Carr and Sons,1985-09-17,Secretary/administrator
Andrew Rodriguez,"Brooks, Wright and Long",2010-10-28,Chief Marketing Officer
Sarah Jenkins,"Saunders, Jones and Howard",2001-09-24,"Surveyor, building control"
Timothy Collins,Jones-Jackson,1995-12-16,Volunteer coordinator
Joseph Ross,"Diaz, Reynolds and Hunt",2001-06-08,Environmental education officer
Olivia Chavez,Michael PLC,2011-03-21,"Psychologist, prison and probation services"
Tammie Little,Reed-Smith,1925-09-04,"Scientist, research (maths)"
Laura Livingston,Davis-Nelson,1971-05-23,"Engineer, communications"
William Lynch,"Sullivan, Richard and Lowe",2003-11-28,"Engineer, aeronautical"
Steven Neal,"Armstrong, Murillo and Moon",1965-12-29,Dramatherapist
Joanna Chandler,Green PLC,1990-07-07,Clinical psychologist
James Church,"Aguilar, Sawyer and Kline",1996-08-18,"Psychologist, occupational"
Daniel Henry,Short PLC,2016-09-29,"Engineer, civil (consulting)"
Tina Adams,Diaz-Elliott,1944-08-21,Personnel officer
Jennifer Johnson,Alexander-Alexander,1908-12-10,"Education officer, environmental"
Sherry Jordan,Reed Group,2021-11-22,General practice doctor
Danielle Berry,"Schneider, Hess and Brown",1938-09-11,Conference centre manager
Phillip Bryan,Harris Ltd,2021-05-20,"Scientist, research (physical sciences)"
Amy Wiley,"Flores, Durham and Miller",1994-05-02,Jewellery designer
Crystal Bishop,Sanchez-Rodriguez,1930-08-30,"Accountant, chartered certified"
Erik Hunt,"Stevens, Smith and Werner",2021-02-07,Amenity horticulturist
Tina Ruiz,"Williams, Lozano and Strickland",1988-03-17,"Research officer, trade union"
Kiara Vang,"Meyer, Steele and West",1936-10-11,Minerals surveyor
Mr. Russell Carter,Gomez Ltd,1917-03-20,Teaching laboratory technician
Jason Bentley,Johnson-Brooks,1925-04-29,Furniture conservator/restorer
Erica Reyes,Montes Inc,1973-08-31,Early years teacher
Shane Russell,"Torres, Farmer and Robinson",1925-03-31,Sport and exercise psychologist
Donna Lee,Anderson-Harrison,1964-03-29,Mechanical engineer
Hannah Kelly,Beasley-Chambers,2018-06-26,"Horticulturist, amenity"
Laura Smith,Kane-Stephens,2014-06-28,Control and instrumentation engineer
Mrs. Diamond Jimenez,Simon and Sons,1921-08-27,"Designer, textile"
James Ramos,Adkins-Hodges,1972-03-30,Illustrator
Albert Hardin,Miller-Stephenson,1986-03-26,Product manager
Michael Russell,Murray-Monroe,1941-04-01,Legal executive
Carolyn Banks,White PLC,1996-07-15,Financial manager
Charles Gross,Potts-Ruiz,1924-07-23,Analytical chemist
Matthew Carlson,Robles-Taylor,1914-04-24,Furniture designer
Jonathan Mccormick,"Cox, Mann and Fowler",2012-04-16,Oncologist
David Gregory,Ellis-Woodard,1955-07-13,"Programme researcher, broadcasting/film/video"
Dakota Page,"Sparks, Hart and Andrews",2004-02-29,Psychotherapist
Judy Mccullough,Santos-Miles,2020-01-01,Warehouse manager
Joseph Greene,"Bennett, Turner and Coffey",1921-09-24,Actor
Stephanie Mendoza,Smith Inc,2022-11-09,Charity officer
Amanda Jackson,Newman-Armstrong,2002-04-11,"Surveyor, insurance"
Gerald Dunn,Edwards PLC,1923-06-14,"Surveyor, hydrographic"
Thomas Singh,Smith-Johnson,1997-11-21,Corporate treasurer
Victoria Gonzalez,Davis-Watkins,1997-09-14,"Accountant, chartered public finance"
Jason Raymond,"Williams, Kramer and Vazquez",1958-12-26,"Scientist, physiological"
Miss Jennifer Garrison,Johnson Inc,1956-05-11,Airline pilot
Lisa Riggs,Jenkins Ltd,1932-06-23,Museum/gallery curator
Justin Perez,"Sosa, Smith and Sullivan",2014-02-10,Medical physicist
Summer Patterson,Jones Group,1938-01-13,"Engineer, technical sales"
Nicole Fleming,Boyd Ltd,2011-01-01,"Engineer, mining"
Karen Richardson,Morgan-Murphy,1950-11-19,Advertising copywriter
Tyler Jackson,"Garcia, Green and Davila",1931-07-29,Sports therapist
Joshua Mills,Herrera-Noble,1977-06-29,"Surveyor, mining"
Mr. Ryan Johnson Jr.,Atkins-Williams,2022-11-13,Freight forwarder
Natalie Kennedy,Golden PLC,1983-01-08,"Optician, dispensing"
Rodney Klein,Hoffman and Sons,1946-03-04,Financial planner
Lauren Kim,Chambers LLC,2022-12-27,Trade union research officer
Brianna Meadows,Jones and Sons,1929-12-12,Financial planner
Mr. Matthew Rodriguez,Rowland and Sons,2012-04-12,Geographical information systems officer
Jose Lewis,"Reed, Vance and Floyd",1936-11-14,"Editor, film/video"
Dylan Mullins,Martin Inc,1989-08-15,"Scientist, biomedical"
Amy Aguilar,"Gonzalez, Macias and Morrison",2013-09-03,Armed forces training and education officer
Diane Gordon,"Moore, Durham and Hunter",1998-11-07,Community arts worker
Douglas Noble,"Mcdaniel, Hernandez and Johnson",1994-03-12,Site engineer
Daniel Anderson,Kim Ltd,1917-08-01,Broadcast presenter
James Garcia,Caldwell and Sons,1997-07-05,Passenger transport manager
Jason Hendricks,"Wolfe, Brown and Hernandez",1976-10-21,Police officer
Claudia Hawkins,"Williams, Wilson and Morrison",2012-08-23,Music therapist
James Wood,Parker-Peterson,1911-04-28,Forensic psychologist
Eric Mcgee,Peterson-Miller,1955-01-10,Petroleum engineer
Robert Smith,"Johnson, Colon and Porter",1927-10-23,Press sub
Ann Hodges,Phillips LLC,1958-06-09,Brewing technologist
Harold Donaldson,White Ltd,1909-05-17,Commissioning editor
Joyce Ball,"Spears, Alexander and Long",1957-01-14,"Teacher, adult education"
John Bush,Maxwell and Sons,1912-01-01,Dramatherapist
Samantha Dickson,"Quinn, King and Obrien",1994-01-15,Air cabin crew
David Fuentes,Brown-Byrd,1957-02-16,Paramedic
Rebecca George,Perez-Whitaker,1914-07-28,Holiday representative
Carlos Stewart,Preston and Sons,1978-06-04,Financial risk analyst
Kayla Schroeder,Robinson Group,1941-07-31,Corporate investment banker
Lisa Smith,Mckee Ltd,2005-11-10,Comptroller
Jessica Walter,Mccann Ltd,1972-08-28,Field trials officer
Michelle Green,"Ramsey, Hooper and Thompson",1910-10-11,Risk manager
Samuel Stark,"Franklin, Stevens and Barron",1931-07-28,Location manager
Erika Cross,Mann Ltd,2001-02-09,"Engineer, chemical"
Karen Patel,Kelley Inc,1984-01-12,Investment analyst
Jane Cortez MD,"Perry, Glover and Buck",2002-12-11,Chief of Staff
Benjamin Nunez,Foster Ltd,1936-01-23,Chief Operating Officer
Joshua Harris,Ramos LLC,2000-01-26,Comptroller
Amber Clark,Williams-Davis,2020-09-04,Information systems manager
Alyssa Scott,Pittman-Price,1963-03-30,Medical illustrator
David Chung,Peterson-Sparks,2006-11-15,Broadcast journalist
Kyle Gibson,Lozano-Bennett,1938-01-30,Advice worker
Carrie Fisher,David-Campbell,1963-12-11,"Accountant, chartered"
Cory Young,Jackson-West,1916-09-06,Police officer
Joshua Fletcher,"Robertson, Elliott and Larsen",1939-03-02,Meteorologist
Brittany Moore,Hess Group,1994-03-21,"Surveyor, rural practice"
Lisa Cunningham,Mcgee-Arias,2003-09-22,Landscape architect
Natalie Snyder,"Parsons, Hughes and Wong",1983-09-12,Professor Emeritus
Hannah Fox,Stanley-Morales,1908-06-11,"Designer, furniture"
Sara Hunter,"Guzman, Lopez and Huffman",1992-06-19,Chief Strategy Officer
Micheal Nunez,Banks-Hull,1986-12-15,Energy engineer
John Brooks,Munoz-King,1950-03-23,Nutritional therapist
Jeffrey Brown,Ryan-Smith,1990-04-01,"Teacher, English as a foreign language"
Laura Pope,Wilson Group,1965-04-24,Community pharmacist
Patrick Yates,"Washington, Hughes and Benton",1990-05-08,"Designer, textile"
Stephanie Frost,"Farmer, Oliver and Maxwell",1998-02-05,Immigration officer
Mark Evans,Hernandez Inc,1969-08-03,Software engineer
Rita Wright,Walker-Anderson,1967-06-28,Commercial horticulturist
Jennifer Marquez,White-Nguyen,2021-05-29,Airline pilot
Peter Harris,Coleman Inc,1917-10-09,Sales promotion account executive
Joseph Hall,"Bush, Martinez and Eaton",1932-04-02,Probation officer
Melinda Bryant,Morrison-Johnson,1923-09-30,"Restaurant manager, fast food"
Michelle Simmons,Hernandez and Sons,1937-08-07,"Teacher, English as a foreign language"
Theodore Swanson,"Cain, Lynch and Riley",1971-08-14,"Copywriter, advertising"
Shannon Hall,Carpenter-Jones,1949-08-28,"Psychologist, counselling"
Christopher Nguyen,Decker PLC,1981-07-09,"Engineer, civil (consulting)"
Amy Hill,Zimmerman Ltd,2018-04-17,Physiotherapist
Danny Thomas,"Edwards, Stephens and Sanders",1988-05-20,Town planner
Ashley Beard,Martin PLC,1997-11-17,"Sound technician, broadcasting/film/video"
Gregory Pittman,"Preston, Peterson and Lee",1947-09-13,Product manager
